class,x0,y0,z0,v0,x1,y1,z1,v1,x2,y2,z2,v2,x3,y3,z3,v3,x4,y4,z4,v4,x5,y5,z5,v5,x6,y6,z6,v6,x7,y7,z7,v7,x8,y8,z8,v8,x9,y9,z9,v9,x10,y10,z10,v10,x11,y11,z11,v11,x12,y12,z12,v12,x13,y13,z13,v13,x14,y14,z14,v14,x15,y15,z15,v15,x16,y16,z16,v16,x17,y17,z17,v17,x18,y18,z18,v18,x19,y19,z19,v19,x20,y20,z20,v20,x21,y21,z21,v21,x22,y22,z22,v22,x23,y23,z23,v23,x24,y24,z24,v24,x25,y25,z25,v25,x26,y26,z26,v26,x27,y27,z27,v27,x28,y28,z28,v28,x29,y29,z29,v29,x30,y30,z30,v30,x31,y31,z31,v31,x32,y32,z32,v32
Hand Raise Pose,0.5080734491348267,0.24881325662136078,-0.29894527792930603,0.9998843669891357,0.511262059211731,0.2387402355670929,-0.28162842988967896,0.9998732805252075,0.5137641429901123,0.23891136050224304,-0.2815861999988556,0.9998493194580078,0.516335666179657,0.23922015726566315,-0.2816397547721863,0.9998750686645508,0.5037463903427124,0.23905327916145325,-0.28142908215522766,0.999822199344635,0.5012273192405701,0.23934972286224365,-0.28146034479141235,0.9997648596763611,0.4989435374736786,0.23948943614959717,-0.28144633769989014,0.9997836947441101,0.5194814205169678,0.24882803857326508,-0.18887536227703094,0.9998629093170166,0.49569952487945557,0.24891060590744019,-0.18694810569286346,0.9997363686561584,0.5140387415885925,0.2625274360179901,-0.26383548974990845,0.9998160004615784,0.5038737654685974,0.261439710855484,-0.26362496614456177,0.9996905326843262,0.5404691100120544,0.30881571769714355,-0.1786164790391922,0.9993036985397339,0.47830796241760254,0.3130849599838257,-0.16825048625469208,0.9968265295028687,0.549530029296875,0.20056620240211487,-0.263089656829834,0.994627058506012,0.470348060131073,0.2014705240726471,-0.2858988344669342,0.9894327521324158,0.5497390627861023,0.0989227294921875,-0.3228176534175873,0.9874396324157715,0.47593802213668823,0.09271508455276489,-0.3795745074748993,0.9826444983482361,0.551601767539978,0.0713101327419281,-0.35856175422668457,0.9622752070426941,0.47359228134155273,0.06796726584434509,-0.41887345910072327,0.9537579417228699,0.5493193864822388,0.07038247585296631,-0.35950061678886414,0.9592052698135376,0.4773368835449219,0.06564271450042725,-0.4168441891670227,0.9476179480552673,0.546826183795929,0.07792684435844421,-0.3287845849990845,0.9594104290008545,0.48030635714530945,0.07267490029335022,-0.38572052121162415,0.9485599398612976,0.52787184715271,0.5284197330474854,-0.011658518575131893,0.999392032623291,0.48386791348457336,0.5298741459846497,0.011559630744159222,0.9990944862365723,0.5184568762779236,0.7051981687545776,0.011010216549038887,0.9795939922332764,0.49256616830825806,0.7105766534805298,0.04009651392698288,0.9722849130630493,0.5148763060569763,0.8564940690994263,0.18259038031101227,0.9740368723869324,0.4960007667541504,0.8614361882209778,0.19993600249290466,0.961286187171936,0.5132095813751221,0.8674170970916748,0.19258151948451996,0.7344967722892761,0.49747583270072937,0.875385582447052,0.20900017023086548,0.7417681813240051,0.5127092599868774,0.9084129333496094,0.06956600397825241,0.9526582956314087,0.4953462779521942,0.9091756939888,0.09488870203495026,0.9386595487594604
Hand Raise Pose,0.5232121348381042,0.26125580072402954,-0.23583009839057922,0.9996588230133057,0.52811598777771,0.24753613770008087,-0.21052320301532745,0.9995274543762207,0.5324163436889648,0.24740557372570038,-0.21051815152168274,0.9994346499443054,0.5358424186706543,0.24712936580181122,-0.21055778861045837,0.999535083770752,0.5162628293037415,0.24853581190109253,-0.20931661128997803,0.9993153810501099,0.5118705034255981,0.24932923913002014,-0.20930996537208557,0.9990443587303162,0.5083284378051758,0.2502388060092926,-0.20928773283958435,0.9991409778594971,0.5423113107681274,0.2570948898792267,-0.09548994898796082,0.9993072748184204,0.5043368935585022,0.25973403453826904,-0.08875302970409393,0.9988667964935303,0.5313169360160828,0.27963873744010925,-0.1947212964296341,0.9992920160293579,0.5163365006446838,0.2810482978820801,-0.19312737882137299,0.9990641474723816,0.5674065351486206,0.3209880590438843,-0.09044328331947327,0.9986372590065002,0.4889630973339081,0.3319476246833801,-0.0664406344294548,0.9939159750938416,0.5722734332084656,0.21396833658218384,-0.1736341416835785,0.9924375414848328,0.47697460651397705,0.21896159648895264,-0.146961510181427,0.9887563586235046,0.5760966539382935,0.09858772158622742,-0.2437705397605896,0.9833015203475952,0.47807151079177856,0.10428494215011597,-0.20386824011802673,0.9740489721298218,0.5787314772605896,0.07119733095169067,-0.287716269493103,0.9534960985183716,0.4774917960166931,0.07318848371505737,-0.2472861409187317,0.9321935176849365,0.5754045844078064,0.0680854320526123,-0.29348576068878174,0.9501127004623413,0.48109114170074463,0.06750857830047607,-0.24681000411510468,0.9246535897254944,0.5732213854789734,0.07637661695480347,-0.25328028202056885,0.9533739686012268,0.48334991931915283,0.07719790935516357,-0.21174673736095428,0.9286324381828308,0.5540239214897156,0.5781327486038208,-0.011399834416806698,0.9993632435798645,0.502294659614563,0.5807037353515625,0.011443022638559341,0.9989019632339478,0.5504065155982971,0.7589975595474243,0.03545386344194412,0.9841451048851013,0.5047664642333984,0.7611880302429199,0.04379609227180481,0.9825302958488464,0.5540376901626587,0.9201825261116028,0.2285061776638031,0.9824970364570618,0.5065882802009583,0.9252840876579285,0.23498044908046722,0.9763646721839905,0.5510338544845581,0.9345930814743042,0.23932552337646484,0.8377830982208252,0.5094352960586548,0.9405863881111145,0.24499334394931793,0.8069669008255005,0.5491051077842712,0.9696477651596069,0.08822105079889297,0.964730441570282,0.5113823413848877,0.9722129702568054,0.09810195863246918,0.954212486743927
Namaskar Pose,0.5171637535095215,0.16374808549880981,-0.07681144773960114,0.9999343156814575,0.5309157371520996,0.13490617275238037,-0.03854146972298622,0.999982476234436,0.53871750831604,0.134596586227417,-0.038529399782419205,0.999963641166687,0.5460498929023743,0.1341850757598877,-0.03857335075736046,0.9999744892120361,0.5027369856834412,0.13471537828445435,-0.040757693350315094,0.9999873638153076,0.4931217432022095,0.13446784019470215,-0.04079693555831909,0.9999809265136719,0.4856565594673157,0.13467901945114136,-0.04085738584399223,0.9999896287918091,0.5564095377922058,0.1475868821144104,0.15849561989307404,0.9999624490737915,0.47757789492607117,0.15308314561843872,0.1493997722864151,0.9999823570251465,0.5315744876861572,0.19882750511169434,-0.004260366316884756,0.9999860525131226,0.503139078617096,0.20056122541427612,-0.007375247310847044,0.9999924898147583,0.6201820373535156,0.3368203938007355,0.16512082517147064,0.999321699142456,0.42539146542549133,0.33174461126327515,0.14955371618270874,0.9992615580558777,0.7071567177772522,0.5423232316970825,-0.05985249578952789,0.9849152565002441,0.3477630019187927,0.5666674971580505,-0.06935903429985046,0.9878013730049133,0.5427765250205994,0.5388535857200623,-0.36868274211883545,0.9496945142745972,0.5019834041595459,0.5342745780944824,-0.3461627662181854,0.9558449387550354,0.5286791324615479,0.4739139676094055,-0.41516053676605225,0.8903425335884094,0.5181517004966736,0.47142502665519714,-0.3919164836406708,0.9028438329696655,0.5312138795852661,0.457750141620636,-0.376413494348526,0.8818815350532532,0.5169471502304077,0.4592188596725464,-0.3578338921070099,0.8854463696479797,0.5341177582740784,0.4702683389186859,-0.353043794631958,0.8512873649597168,0.5147804021835327,0.47330668568611145,-0.3309199810028076,0.857009768486023,0.5832745432853699,0.7471598386764526,-0.008484628051519394,0.9998123049736023,0.46784451603889465,0.7464266419410706,0.008410739712417126,0.9997296929359436,0.7685006260871887,0.8531039953231812,-0.42148810625076294,0.9905059933662415,0.29703134298324585,0.8817901015281677,-0.44059836864471436,0.9900946021080017,0.5213088393211365,0.8976401686668396,-0.1777408868074417,0.7394706010818481,0.5232716202735901,0.8868855237960815,-0.1706131398677826,0.7243773341178894,0.5097168684005737,0.8556714653968811,-0.13612407445907593,0.6883140206336975,0.5380348563194275,0.8386525511741638,-0.12517589330673218,0.621178150177002,0.41890382766723633,0.9135069847106934,-0.20507778227329254,0.7308041453361511,0.6210005283355713,0.8987423181533813,-0.17251865565776825,0.6488060355186462
Namaskar Pose,0.5914732813835144,0.24584446847438812,-0.1455245316028595,0.9996345043182373,0.5857396125793457,0.22018933296203613,-0.1037294939160347,0.9998480081558228,0.5871873497962952,0.21995122730731964,-0.10374250262975693,0.9997872710227966,0.5885328650474548,0.2196841984987259,-0.10387200117111206,0.9998446702957153,0.5731014013290405,0.22050990164279938,-0.13342426717281342,0.9999241828918457,0.5655413269996643,0.2207866907119751,-0.13350766897201538,0.999893307685852,0.5573546290397644,0.22075319290161133,-0.13369141519069672,0.9999289512634277,0.5554659366607666,0.23526984453201294,0.08206714689731598,0.9995428323745728,0.5155532956123352,0.2349090576171875,-0.052514027804136276,0.9999033212661743,0.590794026851654,0.2810977101325989,-0.07912623137235641,0.9998724460601807,0.5743375420570374,0.2772929072380066,-0.11779683828353882,0.9999363422393799,0.6193773746490479,0.42435669898986816,0.08726987987756729,0.996290922164917,0.3707540035247803,0.4126788377761841,-0.043523725122213364,0.9984142780303955,0.6934982538223267,0.6599779725074768,-0.008751731365919113,0.9583290815353394,0.25643041729927063,0.6295973658561707,-0.12291663885116577,0.9898147583007812,0.5186763405799866,0.5705215930938721,-0.2475406378507614,0.9137255549430847,0.45267027616500854,0.5675323009490967,-0.16950146853923798,0.9401413798332214,0.49985751509666443,0.5127897262573242,-0.25879746675491333,0.8367302417755127,0.4815453290939331,0.5107892155647278,-0.16881811618804932,0.8446622490882874,0.4992368817329407,0.4967992603778839,-0.21046705543994904,0.8170089721679688,0.4824535548686981,0.499496728181839,-0.12365740537643433,0.8211800456047058,0.5026049613952637,0.5176602602005005,-0.224783256649971,0.7682822942733765,0.4792044162750244,0.5146555304527283,-0.14184384047985077,0.7768301367759705,0.5685014128684998,0.7783949971199036,0.001932479557581246,0.9969358444213867,0.42093831300735474,0.7839136719703674,-0.0017771442653611302,0.997417688369751,0.7482166886329651,0.8615772724151611,-0.42369896173477173,0.9935649037361145,0.199839785695076,0.8930866718292236,-0.49064502120018005,0.9682379961013794,0.44607964158058167,0.84859699010849,-0.2523133456707001,0.8276726603507996,0.48110732436180115,0.8819800615310669,-0.24154743552207947,0.43556684255599976,0.42866209149360657,0.8046533465385437,-0.21252432465553284,0.6942293643951416,0.5101323127746582,0.8105056285858154,-0.19258753955364227,0.373710036277771,0.3167439103126526,0.8073686957359314,-0.23575200140476227,0.7693163156509399,0.6147415637969971,0.8684425950050354,-0.2176520973443985,0.4432414770126343
Namaskar Pose,0.5071268677711487,0.19867998361587524,-0.04223809391260147,0.9999831914901733,0.5220372080802917,0.17598533630371094,0.007978846319019794,0.9999889135360718,0.5308651924133301,0.17642295360565186,0.008004441857337952,0.9999849796295166,0.5391693711280823,0.17654788494110107,0.007958968169987202,0.99998939037323,0.49039211869239807,0.1758657693862915,0.005811006296426058,0.9999938011169434,0.4795205295085907,0.1771681308746338,0.005769281182438135,0.999993085861206,0.4707902669906616,0.17813527584075928,0.005737586412578821,0.9999957084655762,0.5522068738937378,0.19652122259140015,0.2107408493757248,0.9999673366546631,0.4611637592315674,0.20145535469055176,0.20617562532424927,0.9999901056289673,0.524886429309845,0.23740631341934204,0.026987027376890182,0.9999855756759644,0.48731696605682373,0.23857086896896362,0.02544894628226757,0.999992847442627,0.6232467889785767,0.4082522988319397,0.20403070747852325,0.9989128112792969,0.38904982805252075,0.4096062481403351,0.17095577716827393,0.999316930770874,0.7031097412109375,0.6533693671226501,0.02586933597922325,0.9869917631149292,0.32073310017585754,0.6661056280136108,0.035238295793533325,0.9900835752487183,0.5470690131187439,0.5822011232376099,-0.24660153687000275,0.972973644733429,0.47502028942108154,0.5799344778060913,-0.12667164206504822,0.984622061252594,0.5279405117034912,0.5338592529296875,-0.27695906162261963,0.9363370537757874,0.5013246536254883,0.5227028727531433,-0.1488741785287857,0.9608895182609558,0.5260297060012817,0.5149325132369995,-0.23082762956619263,0.9303910732269287,0.49826523661613464,0.5092888474464417,-0.11147696524858475,0.9551727771759033,0.5312431454658508,0.5339967608451843,-0.2261018604040146,0.9101918935775757,0.496061235666275,0.5289971828460693,-0.10501450300216675,0.9400904178619385,0.5717213749885559,0.840117871761322,-0.005428154952824116,0.9995263814926147,0.4274899959564209,0.8439172506332397,0.005584944039583206,0.99951171875,0.7575710415840149,0.8806806206703186,-0.5192543268203735,0.9937472343444824,0.2619767487049103,0.8512497544288635,-0.4658384323120117,0.9928863644599915,0.45507651567459106,0.9419362545013428,-0.28294745087623596,0.8403397798538208,0.5344045758247375,0.9198225736618042,-0.2550791800022125,0.8727136254310608,0.435528039932251,0.916788637638092,-0.23713494837284088,0.7434502840042114,0.5431625843048096,0.8833274245262146,-0.2109045535326004,0.7860319018363953,0.33183571696281433,0.9532026052474976,-0.29596492648124695,0.8269156813621521,0.6565287709236145,0.9279939532279968,-0.27048420906066895,0.8498659729957581
Namaskar Pose,0.575348436832428,0.3066938519477844,-0.519870936870575,0.9982331991195679,0.5881186127662659,0.2756257653236389,-0.49510061740875244,0.9974230527877808,0.5962050557136536,0.2743707299232483,-0.49507004022598267,0.9964679479598999,0.60393887758255,0.273362398147583,-0.4950636923313141,0.9968293309211731,0.561130940914154,0.2774970531463623,-0.4935835897922516,0.9981980919837952,0.5509204268455505,0.2781548500061035,-0.49361956119537354,0.9978353381156921,0.5424619317054749,0.2795374393463135,-0.49383336305618286,0.9985718727111816,0.6177264451980591,0.2844655513763428,-0.2946500778198242,0.996934175491333,0.5337080359458923,0.2968366742134094,-0.28095299005508423,0.9986300468444824,0.5921458005905151,0.33869433403015137,-0.4412165582180023,0.9995088577270508,0.5596989989280701,0.34021008014678955,-0.4378562569618225,0.9996591806411743,0.6821432709693909,0.45729464292526245,-0.18465633690357208,0.999521017074585,0.4810604751110077,0.48287612199783325,-0.14080668985843658,0.9996646642684937,0.7716962695121765,0.6612734198570251,-0.3264453709125519,0.9974163770675659,0.41394662857055664,0.7139841318130493,-0.3239375352859497,0.9983689188957214,0.6221809983253479,0.7077370882034302,-0.6247159838676453,0.9784996509552002,0.5545089840888977,0.7142193913459778,-0.6849777102470398,0.9822315573692322,0.5970408916473389,0.665685772895813,-0.6941079497337341,0.8763734102249146,0.581267237663269,0.6691445112228394,-0.7592687606811523,0.9121399521827698,0.5963913202285767,0.6526687741279602,-0.6645346283912659,0.8638911843299866,0.5839331746101379,0.6577114462852478,-0.7311766147613525,0.905685544013977,0.6011015176773071,0.6617529392242432,-0.6157618165016174,0.8847466707229614,0.5774434804916382,0.6672559976577759,-0.6784908175468445,0.9072486758232117,0.6549963355064392,0.9074877500534058,-0.017354214563965797,0.9789330959320068,0.5330085158348083,0.9214380383491516,0.018926240503787994,0.9776385426521301,0.6606456637382507,1.2125273942947388,0.1622978150844574,0.028098074719309807,0.5262071490287781,1.2229453325271606,0.19599255919456482,0.048107996582984924,0.6658586859703064,1.4718832969665527,0.5703924894332886,0.00019654774223454297,0.5441287755966187,1.4804818630218506,0.5131115913391113,0.00043016899144276977,0.6717307567596436,1.5187673568725586,0.6005566120147705,0.00039931340143084526,0.5456757545471191,1.5255188941955566,0.5377801060676575,0.0008152323425747454,0.6508302092552185,1.5725431442260742,0.3658730983734131,0.00019729598716367036,0.5648057460784912,1.5851879119873047,0.2823944091796875,0.0007956612971611321
Namaskar Pose,0.25565770268440247,0.2889291048049927,-0.25427600741386414,0.9998308420181274,0.25826287269592285,0.2767452001571655,-0.2064628154039383,0.9998249411582947,0.2612253427505493,0.2770444452762604,-0.20654018223285675,0.9997721314430237,0.26424893736839294,0.27729490399360657,-0.20655938982963562,0.9997902512550354,0.24315455555915833,0.27462103962898254,-0.24090759456157684,0.9998119473457336,0.23524001240730286,0.2739478349685669,-0.24094049632549286,0.9997765421867371,0.22562938928604126,0.2734687030315399,-0.24096184968948364,0.9998156428337097,0.25559499859809875,0.2809302806854248,0.06046243757009506,0.9993347525596619,0.1993955671787262,0.27786460518836975,-0.09221851825714111,0.9998321533203125,0.2573879659175873,0.3051651120185852,-0.1523371934890747,0.9998100399971008,0.24030433595180511,0.3034323751926422,-0.196284681558609,0.9998624324798584,0.28970226645469666,0.3653467297554016,0.248269185423851,0.9994507431983948,0.14050927758216858,0.36121755838394165,-0.05894072353839874,0.9997661709785461,0.3398136496543884,0.45838451385498047,0.01847948506474495,0.8116001486778259,0.1415441334247589,0.4739536941051483,-0.03408736363053322,0.9509666562080383,0.2927088737487793,0.42548125982284546,-0.5117125511169434,0.7899478077888489,0.26065030694007874,0.43100449442863464,0.038205355405807495,0.9009959101676941,0.27960705757141113,0.4074518084526062,-0.6168837547302246,0.6684098839759827,0.2799362540245056,0.4197002649307251,0.0037691888865083456,0.8118411302566528,0.27688610553741455,0.39623600244522095,-0.5935072898864746,0.6674502491950989,0.2748459279537201,0.40902435779571533,-0.007888932712376118,0.797088623046875,0.27802854776382446,0.40179067850112915,-0.5204384326934814,0.6239561438560486,0.26845046877861023,0.41263723373413086,0.04169561341404915,0.7383272647857666,0.27227267622947693,0.5515623092651367,0.10807815194129944,0.9987637996673584,0.18128621578216553,0.5501314997673035,-0.10801968723535538,0.9981332421302795,0.2453918308019638,0.7100830674171448,0.11858081072568893,0.8928857445716858,0.19533726572990417,0.7107114195823669,-0.08480452001094818,0.9598907232284546,0.22727876901626587,0.8502535223960876,0.4068146049976349,0.931830644607544,0.1964934766292572,0.8524209260940552,0.22669297456741333,0.9498810768127441,0.21646440029144287,0.868836522102356,0.4229789078235626,0.845130205154419,0.1921282708644867,0.8713177442550659,0.24328717589378357,0.7199708223342896,0.28802233934402466,0.8901023864746094,0.1807999610900879,0.9370426535606384,0.25316697359085083,0.8930351734161377,-0.031412769109010696,0.9388560056686401
Namaskar Pose,0.47164803743362427,0.25753650069236755,-0.18127888441085815,0.9999710321426392,0.4796866178512573,0.24249708652496338,-0.16188478469848633,0.9999438524246216,0.48537254333496094,0.24274635314941406,-0.16192308068275452,0.9999328851699829,0.48962000012397766,0.243022620677948,-0.16198831796646118,0.9999203681945801,0.46380341053009033,0.24230021238327026,-0.15654750168323517,0.9999370574951172,0.4588325023651123,0.24264144897460938,-0.15654271841049194,0.9999288320541382,0.4545349180698395,0.24306422472000122,-0.15649642050266266,0.9999396800994873,0.49706268310546875,0.2500529885292053,-0.025483235716819763,0.9999510049819946,0.4514463245868683,0.24959005415439606,0.0013860964681953192,0.999947190284729,0.48340660333633423,0.2744160294532776,-0.1269429326057434,0.9999808073043823,0.4639987349510193,0.2752605080604553,-0.11964912712574005,0.9999806880950928,0.542279064655304,0.33182448148727417,0.039782047271728516,0.9999493360519409,0.4159862697124481,0.3357994556427002,0.07547800242900848,0.999940037727356,0.5774706602096558,0.4278377294540405,-0.08106019347906113,0.9815710186958313,0.37517401576042175,0.4273442029953003,-0.056205347180366516,0.9880104660987854,0.49113455414772034,0.3844534456729889,-0.2568191885948181,0.9645606875419617,0.45631688833236694,0.3864859342575073,-0.27512234449386597,0.9817748069763184,0.47635409235954285,0.36536115407943726,-0.3018127977848053,0.9103183150291443,0.4687436521053314,0.36615753173828125,-0.3282018005847931,0.9436150193214417,0.47572311758995056,0.3559582233428955,-0.28405269980430603,0.8994345664978027,0.4683956205844879,0.35739585757255554,-0.3096614181995392,0.9338312745094299,0.48001912236213684,0.3615152835845947,-0.2525781989097595,0.8669841885566711,0.46715047955513,0.3627665936946869,-0.27254363894462585,0.9087799787521362,0.5149175524711609,0.5565967559814453,-0.013731406070291996,0.9998776912689209,0.43825507164001465,0.5554089546203613,0.013726483099162579,0.9998090863227844,0.5100047588348389,0.7289866209030151,-0.042708709836006165,0.9886361956596375,0.44899579882621765,0.7247461676597595,0.0205676406621933,0.98338782787323,0.5022265911102295,0.8632504940032959,0.27236154675483704,0.9803639650344849,0.46895942091941833,0.8639345169067383,0.2999013066291809,0.9791880249977112,0.4997110664844513,0.8806052207946777,0.29594171047210693,0.7551771998405457,0.4739566147327423,0.8804750442504883,0.3205881714820862,0.800459086894989,0.5032312870025635,0.922773003578186,0.12157214432954788,0.9694128036499023,0.46742308139801025,0.9228851795196533,0.15499728918075562,0.9715529680252075
Namaskar Pose,0.462667852640152,0.12486031651496887,-0.4151265323162079,0.9998513460159302,0.4821905791759491,0.11032869666814804,-0.35665690898895264,0.9997605681419373,0.494198203086853,0.11039575934410095,-0.3568313419818878,0.9997221827507019,0.506111741065979,0.11043354868888855,-0.3569972813129425,0.9996740818023682,0.4523840844631195,0.1100548803806305,-0.3455650508403778,0.9997460246086121,0.445166677236557,0.11025944352149963,-0.3455917537212372,0.9997195601463318,0.43837618827819824,0.11040253192186356,-0.34552356600761414,0.9997708201408386,0.5311062335968018,0.11792504787445068,0.009807858616113663,0.9997377991676331,0.44366922974586487,0.11741387844085693,0.05719514936208725,0.999763548374176,0.4895774722099304,0.14362281560897827,-0.27336814999580383,0.9999008178710938,0.45243942737579346,0.14280909299850464,-0.26006805896759033,0.9999202489852905,0.646651029586792,0.22136706113815308,0.18396660685539246,0.9999277591705322,0.3478683829307556,0.22919780015945435,0.2924129366874695,0.999879002571106,0.6934430599212646,0.3576006293296814,-0.07916457951068878,0.9880300164222717,0.22778040170669556,0.35823285579681396,0.03596491366624832,0.9797756671905518,0.4717218577861786,0.32589125633239746,-0.523512065410614,0.9664349555969238,0.40827304124832153,0.32225266098976135,-0.506477415561676,0.9687133431434631,0.4280603229999542,0.3012676537036896,-0.6508731842041016,0.9007285833358765,0.42869651317596436,0.2979717552661896,-0.6340458393096924,0.9141692519187927,0.43625080585479736,0.28936219215393066,-0.5971918702125549,0.8901017308235168,0.42778339982032776,0.28910693526268005,-0.6027990579605103,0.8998597860336304,0.44665586948394775,0.29488253593444824,-0.50856614112854,0.8481340408325195,0.42617183923721313,0.29592055082321167,-0.5025227069854736,0.8585809469223022,0.5532019734382629,0.4732307195663452,-0.03208627924323082,0.9995274543762207,0.3835381269454956,0.4708098769187927,0.03263910859823227,0.9991590976715088,0.5379688739776611,0.6897833943367004,-0.13620497286319733,0.9431508183479309,0.40708112716674805,0.6862642765045166,-0.05364859476685524,0.9340086579322815,0.5049281716346741,0.8808156251907349,0.4873131811618805,0.9175329208374023,0.4390806257724762,0.8828798532485962,0.5379706025123596,0.9062279462814331,0.506878674030304,0.8970057964324951,0.5288712382316589,0.6393358707427979,0.45584553480148315,0.9014963507652283,0.576185405254364,0.5811321139335632,0.49808743596076965,0.9315688610076904,0.08967246115207672,0.8820855617523193,0.4109397530555725,0.9359869360923767,0.11909952014684677,0.8687841296195984
Namaskar Pose,0.5412476062774658,0.12826135754585266,-0.2545304000377655,0.9999477863311768,0.556078314781189,0.1096334159374237,-0.21942730247974396,0.9998437166213989,0.5657866597175598,0.11029088497161865,-0.21949318051338196,0.9998080134391785,0.5732605457305908,0.1111665666103363,-0.2196034938097,0.9998018145561218,0.5267924070358276,0.10866507887840271,-0.21543221175670624,0.9998621940612793,0.5171428322792053,0.1086404025554657,-0.21542271971702576,0.9998598098754883,0.5078240036964417,0.10882753133773804,-0.21546104550361633,0.9998906850814819,0.5872097015380859,0.12177181243896484,-0.023101210594177246,0.9997346997261047,0.49627479910850525,0.12126356363296509,-0.003466902067884803,0.9998669624328613,0.559006929397583,0.15647372603416443,-0.17969238758087158,0.9999350309371948,0.5244809985160828,0.15499582886695862,-0.17490875720977783,0.9999552965164185,0.6657918691635132,0.24261364340782166,0.044340360909700394,0.999769389629364,0.4097622334957123,0.2458987832069397,0.07968927174806595,0.9997815489768982,0.7472520470619202,0.36860597133636475,-0.12607811391353607,0.9846917986869812,0.3397812843322754,0.37522897124290466,-0.13221924006938934,0.9902029037475586,0.5762453079223633,0.2989753484725952,-0.31420522928237915,0.953402042388916,0.5087078213691711,0.29500114917755127,-0.37534743547439575,0.9707394242286682,0.5503617525100708,0.26356592774391174,-0.34971410036087036,0.8848344087600708,0.5302532315254211,0.2605910003185272,-0.42740723490715027,0.9132113456726074,0.5505820512771606,0.25407758355140686,-0.2923599183559418,0.8613634705543518,0.5288907885551453,0.249725341796875,-0.36393845081329346,0.8902579545974731,0.5565940737724304,0.2680204510688782,-0.29098403453826904,0.8193658590316772,0.5260198712348938,0.2631998062133789,-0.3523697257041931,0.8495873212814331,0.6142248511314392,0.5108621120452881,-0.015121322125196457,0.9997063279151917,0.4736076891422272,0.5085951089859009,0.014833038672804832,0.9994418025016785,0.5871374011039734,0.7266992926597595,-0.12421119213104248,0.994599461555481,0.48177555203437805,0.7126308083534241,-0.00059591478202492,0.9932315349578857,0.5703833103179932,0.898615300655365,0.33655962347984314,0.9876765012741089,0.5076234936714172,0.8968032002449036,0.34328797459602356,0.9871238470077515,0.5651506781578064,0.9165031909942627,0.3697652518749237,0.7905647158622742,0.5142370462417603,0.9120495319366455,0.3667386472225189,0.7864059209823608,0.5787484049797058,0.973624587059021,0.12617194652557373,0.9751517176628113,0.5081803202629089,0.9696199893951416,0.12889575958251953,0.9783698916435242
Namaskar Pose,0.5067282319068909,0.18176031112670898,-0.08949142694473267,0.9999576807022095,0.5183449387550354,0.15307724475860596,-0.04659004509449005,0.9999761581420898,0.5267690420150757,0.15314608812332153,-0.046510808169841766,0.9999644756317139,0.5330869555473328,0.15326809883117676,-0.046495698392391205,0.999972939491272,0.49170276522636414,0.15498334169387817,-0.045642416924238205,0.9999850988388062,0.4825096130371094,0.15659677982330322,-0.04570393264293671,0.9999816417694092,0.47559410333633423,0.15854674577713013,-0.045775074511766434,0.9999877214431763,0.5486202239990234,0.16938656568527222,0.14041925966739655,0.9999545812606812,0.46668541431427,0.17799592018127441,0.14924582839012146,0.9999798536300659,0.523627519607544,0.2202877402305603,-0.023763371631503105,0.999972939491272,0.4917531907558441,0.22070039808750153,-0.02155512385070324,0.9999849796295166,0.6234433650970459,0.3483387529850006,0.11686014384031296,0.9989137649536133,0.4090914726257324,0.3630196750164032,0.11529704183340073,0.9991728663444519,0.71929532289505,0.5306053161621094,-0.09245806932449341,0.9886758327484131,0.33883053064346313,0.541820764541626,-0.11006051301956177,0.9916166663169861,0.5443480610847473,0.46336621046066284,-0.30382993817329407,0.9689028859138489,0.49572548270225525,0.45989176630973816,-0.29531925916671753,0.9699170589447021,0.52752286195755,0.4119984209537506,-0.32865458726882935,0.9225029349327087,0.5100435614585876,0.40971821546554565,-0.32192397117614746,0.9158775806427002,0.5280255079269409,0.39870426058769226,-0.283775269985199,0.9147520065307617,0.5079762935638428,0.3992404043674469,-0.2788747251033783,0.9020847678184509,0.5314689874649048,0.42058849334716797,-0.28355342149734497,0.8923542499542236,0.5070018172264099,0.41916733980178833,-0.2753582298755646,0.8889637589454651,0.5923250913619995,0.7412021160125732,-0.011441899463534355,0.9995861649513245,0.4678647816181183,0.7494208812713623,0.011702674441039562,0.9996224641799927,0.7529700994491577,0.841002345085144,-0.461165189743042,0.9943042397499084,0.3122507929801941,0.8590648174285889,-0.41092348098754883,0.9911609888076782,0.5002391338348389,0.7876202464103699,-0.12611503899097443,0.6130015254020691,0.5646865367889404,0.8134362101554871,-0.1302572339773178,0.6225193738937378,0.4790773391723633,0.727702260017395,-0.07237429171800613,0.5383806228637695,0.5732706785202026,0.7691973447799683,-0.08162713795900345,0.5396994948387146,0.3925319314002991,0.7541274428367615,-0.084566630423069,0.570302426815033,0.6754957437515259,0.7949804067611694,-0.09838778525590897,0.5692591071128845
Namaskar Pose,0.5144159197807312,0.20077061653137207,-0.2489791363477707,0.9999604225158691,0.5221167206764221,0.16696017980575562,-0.21459780633449554,0.999976396560669,0.5297039747238159,0.165474534034729,-0.21463164687156677,0.9999710321426392,0.5366154313087463,0.16393804550170898,-0.2147568166255951,0.9999744892120361,0.4951694905757904,0.16827940940856934,-0.21733196079730988,0.9999878406524658,0.48577484488487244,0.16810953617095947,-0.21743124723434448,0.9999862909317017,0.4755895435810089,0.16851168870925903,-0.21755068004131317,0.9999898672103882,0.5425968170166016,0.17586809396743774,-0.03188707306981087,0.9999430179595947,0.45728209614753723,0.18267250061035156,-0.040224578231573105,0.9999903440475464,0.5271809697151184,0.2359197735786438,-0.1805868297815323,0.9999885559082031,0.4948723018169403,0.2368936389684677,-0.1831311732530594,0.9999958276748657,0.6263715028762817,0.40056660771369934,0.0006427659536711872,0.9994091987609863,0.36787548661231995,0.39232027530670166,-0.025867722928524017,0.9998251795768738,0.7156022787094116,0.6601130366325378,-0.15897957980632782,0.9865427017211914,0.28730469942092896,0.6491965055465698,-0.16958017647266388,0.9929606318473816,0.5360221266746521,0.6057230830192566,-0.4514487087726593,0.9538747072219849,0.4645986557006836,0.6129946708679199,-0.3747958242893219,0.9681125283241272,0.5167873501777649,0.5590463876724243,-0.48418349027633667,0.9094743728637695,0.49654442071914673,0.5734603404998779,-0.4041024446487427,0.9199615716934204,0.5187890529632568,0.5278435945510864,-0.4311079978942871,0.9012054800987244,0.49919193983078003,0.5328409671783447,-0.3623350262641907,0.9076035022735596,0.5205740928649902,0.5394721031188965,-0.4264622628688812,0.8674176931381226,0.49145910143852234,0.5477324724197388,-0.35192209482192993,0.8904913067817688,0.5836248397827148,0.8047406673431396,0.002990950830280781,0.9975301623344421,0.4340589642524719,0.8281023502349854,-0.002747017191722989,0.9985445737838745,0.7723098993301392,0.7804917097091675,-0.4170931279659271,0.9675490856170654,0.30137085914611816,0.8202329874038696,-0.5451509952545166,0.9588877558708191,0.49405837059020996,0.9392061829566956,-0.3391536474227905,0.6091841459274292,0.6209897994995117,0.9264577627182007,-0.4001518785953522,0.6412474513053894,0.463238000869751,0.9120376706123352,-0.3097513020038605,0.559655487537384,0.642132043838501,0.9080263376235962,-0.36045384407043457,0.6631630659103394,0.36612576246261597,0.9353647232055664,-0.3817015290260315,0.5502409338951111,0.7621518969535828,0.9591642618179321,-0.4236699938774109,0.61698979139328
Namaskar Pose,0.604749858379364,0.2839292287826538,-0.4927721917629242,0.9998074173927307,0.6207653284072876,0.24592512845993042,-0.4742339849472046,0.9997199177742004,0.6310235857963562,0.24455559253692627,-0.4741058647632599,0.9996142387390137,0.6389033198356628,0.24448519945144653,-0.4739581346511841,0.9996215105056763,0.594131350517273,0.2502827048301697,-0.46461358666419983,0.999815046787262,0.5874716639518738,0.25095701217651367,-0.46460118889808655,0.9997789263725281,0.5826523303985596,0.252044677734375,-0.46475180983543396,0.9998369216918945,0.6557854413986206,0.25989675521850586,-0.30342233180999756,0.9995889067649841,0.5811018943786621,0.2685275673866272,-0.25258904695510864,0.9997792840003967,0.6254236698150635,0.3254849910736084,-0.42682895064353943,0.9998984336853027,0.5945727229118347,0.3276325464248657,-0.4127494990825653,0.9999220371246338,0.7234708666801453,0.4835565686225891,-0.21888190507888794,0.9997326731681824,0.5324918627738953,0.4778554439544678,-0.12586699426174164,0.9999210834503174,0.7764760851860046,0.7509573698043823,-0.35176995396614075,0.9936508536338806,0.4344625473022461,0.7254437804222107,-0.33155158162117004,0.9986827969551086,0.6242109537124634,0.6979851722717285,-0.5538492798805237,0.9528810381889343,0.5753867626190186,0.6874760985374451,-0.6660557985305786,0.9852918386459351,0.600744366645813,0.642443060874939,-0.5993991494178772,0.7920150756835938,0.593374490737915,0.6334906816482544,-0.7252901196479797,0.9125203490257263,0.601719856262207,0.6275705695152283,-0.5605642795562744,0.7779198884963989,0.5949442386627197,0.6248602867126465,-0.6838850378990173,0.9006782174110413,0.6064701080322266,0.6356784701347351,-0.5386239886283875,0.7892587184906006,0.5929059386253357,0.6358920335769653,-0.6541017889976501,0.901923656463623,0.673473596572876,0.9602406620979309,-0.03252672776579857,0.9672775268554688,0.5574228167533875,0.9573540687561035,0.03395175188779831,0.9781368374824524,0.6809194087982178,1.3091145753860474,0.1117117628455162,0.03172457218170166,0.5566121935844421,1.3123061656951904,0.20324604213237762,0.06008259579539299,0.6846325993537903,1.6055405139923096,0.4912043511867523,0.0007024083170108497,0.5648303627967834,1.6112561225891113,0.49674347043037415,0.001292387256398797,0.6904096007347107,1.6557259559631348,0.5179650783538818,0.0007737649139016867,0.5642797350883484,1.660899043083191,0.5200402736663818,0.0020175050012767315,0.665138840675354,1.717923641204834,0.29001423716545105,0.0005321440985426307,0.573194146156311,1.7269479036331177,0.28421127796173096,0.002005021320655942
T pose,0.5037855505943298,0.1608695089817047,-0.7121716737747192,0.9999595880508423,0.5179282426834106,0.14775311946868896,-0.6806234121322632,0.9998273849487305,0.525468647480011,0.14787620306015015,-0.6806395649909973,0.9998342990875244,0.532023549079895,0.14801087975502014,-0.6808128356933594,0.9998444318771362,0.4923118054866791,0.1480269432067871,-0.6790200471878052,0.9998056292533875,0.48254334926605225,0.14844337105751038,-0.6791514754295349,0.9997778534889221,0.4739552140235901,0.14890319108963013,-0.6790982484817505,0.9997625946998596,0.5464658141136169,0.15421214699745178,-0.45268216729164124,0.999776303768158,0.4634847640991211,0.15383458137512207,-0.44770926237106323,0.9996316432952881,0.5212809443473816,0.18140634894371033,-0.6239109039306641,0.999836802482605,0.4860861003398895,0.18202471733093262,-0.6220396757125854,0.9997724890708923,0.6004471778869629,0.23528113961219788,-0.29969504475593567,0.9998756647109985,0.40864065289497375,0.2269955575466156,-0.2581137418746948,0.9995887875556946,0.7385965585708618,0.23837682604789734,-0.30209028720855713,0.9974749684333801,0.2531375288963318,0.23029297590255737,-0.18871992826461792,0.9973201155662537,0.8607940673828125,0.22615191340446472,-0.5770389437675476,0.9959004521369934,0.13309723138809204,0.2203223705291748,-0.35561051964759827,0.9927518367767334,0.9037752151489258,0.22857937216758728,-0.6395100951194763,0.9836456775665283,0.08987192064523697,0.2237507402896881,-0.3955754041671753,0.9709118008613586,0.9101389646530151,0.2220292091369629,-0.7120047211647034,0.9863082766532898,0.08543198555707932,0.22207799553871155,-0.4623253345489502,0.9754003882408142,0.8953280448913574,0.22194188833236694,-0.6222078204154968,0.9878518581390381,0.1001540794968605,0.22281208634376526,-0.3949008584022522,0.9779888987541199,0.5520260334014893,0.48076730966567993,-0.020178748294711113,0.9959505796432495,0.4486818313598633,0.4755329191684723,0.02030114084482193,0.9957320094108582,0.5208309888839722,0.6759899258613586,-0.04487886652350426,0.9485381841659546,0.4481109380722046,0.6728807687759399,-0.0037626458797603846,0.9589027762413025,0.5045791864395142,0.8504729270935059,0.21117869019508362,0.9213186502456665,0.4637131989002228,0.8501366972923279,0.21784654259681702,0.922575056552887,0.4977981448173523,0.8731943368911743,0.22113950550556183,0.698567271232605,0.4671906530857086,0.873945415019989,0.22513458132743835,0.6793514490127563,0.5091215968132019,0.9113593101501465,-0.053860459476709366,0.9097956418991089,0.45891857147216797,0.909204363822937,-0.040409523993730545,0.9124203324317932
T pose,0.5044420957565308,0.5139333605766296,-0.2440420389175415,0.9999284744262695,0.508258044719696,0.5047813057899475,-0.2302100658416748,0.9995206594467163,0.5111377239227295,0.5046819448471069,-0.2302362620830536,0.9996005892753601,0.5139606595039368,0.5046746134757996,-0.230281800031662,0.9995393753051758,0.5007684230804443,0.5060440301895142,-0.22954709827899933,0.9994810223579407,0.49833083152770996,0.5067828893661499,-0.2295665442943573,0.9994785189628601,0.4959363341331482,0.5075939893722534,-0.22954599559307098,0.9993014335632324,0.5184956192970276,0.5111311078071594,-0.14061148464679718,0.9994823932647705,0.49286073446273804,0.514663577079773,-0.13759396970272064,0.9989738464355469,0.5107264518737793,0.5243639945983887,-0.21026833355426788,0.9996997117996216,0.5005503296852112,0.5255045890808105,-0.20930266380310059,0.9995002746582031,0.5422216057777405,0.5653312802314758,-0.08125806599855423,0.9998748302459717,0.4702438414096832,0.5607977509498596,-0.07719453424215317,0.9989421963691711,0.5972696542739868,0.5690110325813293,-0.06975225359201431,0.9988476037979126,0.42003947496414185,0.5705118775367737,-0.06734660267829895,0.9938335418701172,0.6476790308952332,0.5659447908401489,-0.15600961446762085,0.9977066516876221,0.3655919134616852,0.5582937598228455,-0.15157733857631683,0.9802221655845642,0.6636000871658325,0.5589889287948608,-0.17487792670726776,0.9887515902519226,0.34727969765663147,0.5574918389320374,-0.17141035199165344,0.9334136247634888,0.6638555526733398,0.5539976358413696,-0.20530037581920624,0.9910560846328735,0.34537577629089355,0.5550073981285095,-0.19923770427703857,0.9445528388023376,0.6584779024124146,0.5573332905769348,-0.17325884103775024,0.9915874600410461,0.3515583872795105,0.5557882785797119,-0.1682666689157486,0.9479005336761475,0.5265962481498718,0.7225534915924072,-0.000508352997712791,0.9985204339027405,0.4858551025390625,0.7225576043128967,0.0005288914544507861,0.9979290962219238,0.5280727744102478,0.8231651186943054,0.010325073264539242,0.9916490316390991,0.4825124740600586,0.8221476674079895,0.022225894033908844,0.9946182370185852,0.5193396210670471,0.9154751896858215,0.15329204499721527,0.9878085851669312,0.48968958854675293,0.9138491153717041,0.1591724455356598,0.990605890750885,0.5139247179031372,0.9241039752960205,0.1612520068883896,0.9208801984786987,0.4908718168735504,0.9238587021827698,0.16621196269989014,0.9122835993766785,0.5265169739723206,0.9551358819007874,0.055252958089113235,0.9856767654418945,0.48595064878463745,0.9526215195655823,0.0639122948050499,0.9874016642570496
T pose,0.4554169774055481,0.38979512453079224,-0.8566378355026245,0.9999151229858398,0.46633008122444153,0.3784467577934265,-0.83522629737854,0.9996488094329834,0.4711493253707886,0.37904179096221924,-0.8351263999938965,0.9997157454490662,0.4762883484363556,0.37955242395401,-0.8352395296096802,0.9997028708457947,0.44969385862350464,0.37649381160736084,-0.8381947875022888,0.9996180534362793,0.44365063309669495,0.3758201599121094,-0.838398814201355,0.9996331930160522,0.4378889799118042,0.3751440942287445,-0.8383422493934631,0.9995837807655334,0.48704788088798523,0.3866681456565857,-0.6472649574279785,0.9995293617248535,0.4316726326942444,0.37831735610961914,-0.6655811071395874,0.9992660880088806,0.4657997786998749,0.4057968258857727,-0.7836565971374512,0.9994851350784302,0.4452747106552124,0.40442919731140137,-0.7884458303451538,0.9994248151779175,0.5277112722396851,0.45191460847854614,-0.4997863173484802,0.9996514320373535,0.3798416256904602,0.45346593856811523,-0.47280260920524597,0.9987890124320984,0.6246148943901062,0.45799246430397034,-0.5351312160491943,0.9990662932395935,0.2756384015083313,0.46222686767578125,-0.3984830379486084,0.9958639144897461,0.7278975248336792,0.4435844421386719,-0.7613291144371033,0.9970000386238098,0.16924941539764404,0.46006128191947937,-0.4946390688419342,0.9895023107528687,0.7618751525878906,0.45144394040107727,-0.8124188184738159,0.9839576482772827,0.13697591423988342,0.4677031934261322,-0.5231164693832397,0.9600646495819092,0.7651776671409607,0.44842609763145447,-0.874122142791748,0.9875468611717224,0.13430699706077576,0.4651741087436676,-0.5824573636054993,0.9673239588737488,0.7533740997314453,0.4470005929470062,-0.7978429198265076,0.9899493455886841,0.14512765407562256,0.4641759693622589,-0.5256543755531311,0.9719187021255493,0.4974244236946106,0.6325955390930176,-0.004938432946801186,0.9923536777496338,0.4178861975669861,0.629414975643158,0.004803052172064781,0.9934926629066467,0.49467915296554565,0.788885772228241,0.021290309727191925,0.9129828810691833,0.42804205417633057,0.7887662649154663,-0.0013127943966537714,0.9571560025215149,0.49074864387512207,0.9305824041366577,0.23234449326992035,0.9035065174102783,0.44501322507858276,0.9326940774917603,0.20674178004264832,0.9138185977935791,0.4850241243839264,0.9443559050559998,0.2396470010280609,0.5730254054069519,0.4488224685192108,0.9452540874481201,0.214649498462677,0.5886821150779724,0.49207937717437744,0.9837074279785156,0.011927778832614422,0.896574079990387,0.4518192708492279,0.9838641881942749,-0.009872210212051868,0.9151323437690735
Tree Pose,0.6403874158859253,0.2167905569076538,-0.20546753704547882,0.9999828338623047,0.6469149589538574,0.20053113996982574,-0.1833532601594925,0.9999780654907227,0.65059894323349,0.2003093957901001,-0.18339210748672485,0.9999734163284302,0.6533077955245972,0.2000274807214737,-0.18342359364032745,0.9999748468399048,0.6339032053947449,0.20116902887821198,-0.17920978367328644,0.999976634979248,0.629669725894928,0.20146918296813965,-0.17925487458705902,0.999974250793457,0.6256135702133179,0.20181205868721008,-0.17928114533424377,0.9999814033508301,0.6598678231239319,0.20726290345191956,-0.05519072711467743,0.9999501705169678,0.6212852597236633,0.2113398164510727,-0.03779066354036331,0.9999861717224121,0.648343026638031,0.2365003228187561,-0.1570674180984497,0.999982476234436,0.6329272389411926,0.2370029091835022,-0.15224653482437134,0.9999737739562988,0.6938013434410095,0.3134053349494934,-0.01079598255455494,0.9998601675033569,0.591402530670166,0.31543219089508057,0.0363469235599041,0.9996178150177002,0.7246803045272827,0.4221826195716858,-0.14975737035274506,0.9776401519775391,0.5559762716293335,0.41951748728752136,-0.10316387563943863,0.9775192737579346,0.6516566872596741,0.3903810679912567,-0.34787362813949585,0.9311829209327698,0.6239243745803833,0.39665210247039795,-0.32988154888153076,0.9281928539276123,0.6432034969329834,0.3651050925254822,-0.38558080792427063,0.8410608172416687,0.6383932828903198,0.36965152621269226,-0.3793318271636963,0.8418760895729065,0.6426246166229248,0.3584531247615814,-0.368550181388855,0.826774001121521,0.6374553442001343,0.3628196716308594,-0.35572201013565063,0.8152981400489807,0.6441970467567444,0.36645108461380005,-0.3433358073234558,0.7708883881568909,0.6349890232086182,0.37146249413490295,-0.3250579535961151,0.7492910027503967,0.6573891043663025,0.5504779815673828,-0.04045024886727333,0.999755322933197,0.6013615131378174,0.5373848080635071,0.04046047478914261,0.9992929697036743,0.6384998559951782,0.7338352799415588,-0.03833853080868721,0.9709158539772034,0.4966193735599518,0.6338417530059814,-0.10344484448432922,0.9931013584136963,0.6215435266494751,0.8987377882003784,0.1524374634027481,0.9884266257286072,0.6040790677070618,0.6765151619911194,0.21780218183994293,0.8026549816131592,0.6168802380561829,0.9241071343421936,0.16593286395072937,0.9143183827400208,0.6196381449699402,0.6650977730751038,0.2500525414943695,0.7503399848937988,0.6234190464019775,0.9439052939414978,0.039139702916145325,0.9818781018257141,0.6283290982246399,0.7427932620048523,0.21282099187374115,0.771370530128479
Tree Pose,0.5040794014930725,0.1582421064376831,-0.19939322769641876,0.9999790191650391,0.5095908641815186,0.1402052342891693,-0.1815781146287918,0.9999744892120361,0.5121796131134033,0.13996997475624084,-0.1815926432609558,0.9999682903289795,0.515852153301239,0.1396351158618927,-0.181589737534523,0.9999679327011108,0.49832144379615784,0.14020052552223206,-0.17846104502677917,0.999968409538269,0.49375033378601074,0.1401991844177246,-0.17851214110851288,0.9999628067016602,0.4902127683162689,0.14044061303138733,-0.17854703962802887,0.9999731779098511,0.5212913751602173,0.14788061380386353,-0.06686621159315109,0.9999362230300903,0.4853476583957672,0.14962199330329895,-0.053845711052417755,0.9999796152114868,0.5103912949562073,0.179665207862854,-0.15488821268081665,0.9999840259552002,0.49724051356315613,0.18080934882164001,-0.1512972116470337,0.9999682903289795,0.5534548759460449,0.25906306505203247,-0.014799668453633785,0.9999171495437622,0.45572787523269653,0.25080975890159607,0.008862962014973164,0.9997178912162781,0.5809988975524902,0.3732384443283081,-0.128638356924057,0.9810701608657837,0.43103310465812683,0.37298092246055603,-0.10242905467748642,0.9845289587974548,0.5185008645057678,0.3307631015777588,-0.2912806570529938,0.9659832119941711,0.4965371787548065,0.3280656933784485,-0.2799244225025177,0.9613407254219055,0.5082549452781677,0.3077801465988159,-0.3191176652908325,0.9183687567710876,0.5076247453689575,0.3056880533695221,-0.31936055421829224,0.908223569393158,0.5074184536933899,0.29401400685310364,-0.30826327204704285,0.90913325548172,0.504595935344696,0.293038934469223,-0.29878562688827515,0.8898613452911377,0.5096634030342102,0.3032653331756592,-0.28806835412979126,0.8761630058288574,0.502474308013916,0.3012818694114685,-0.2745346128940582,0.8496277928352356,0.5197490453720093,0.5145241022109985,-0.02956293150782585,0.9998149275779724,0.46547171473503113,0.503811776638031,0.029610726982355118,0.9990599751472473,0.5017722249031067,0.7215786576271057,-0.01270141452550888,0.958897054195404,0.38089919090270996,0.6415162086486816,-0.11368061602115631,0.9868823885917664,0.4856579899787903,0.9113902449607849,0.14576560258865356,0.9729014039039612,0.4747747778892517,0.5912743806838989,0.23001068830490112,0.31071174144744873,0.4796184003353119,0.9342052340507507,0.1583482325077057,0.8509482741355896,0.4861106276512146,0.5726369023323059,0.26738134026527405,0.4322335124015808,0.48818230628967285,0.9585269689559937,0.059306710958480835,0.9677661061286926,0.5002656579017639,0.6645363569259644,0.26499322056770325,0.37359219789505005
Tree Pose,0.5722082853317261,0.3381270468235016,-0.37480655312538147,0.9998175501823425,0.5810760259628296,0.327284038066864,-0.3338965177536011,0.999775230884552,0.5876033902168274,0.32717132568359375,-0.33387279510498047,0.9997116923332214,0.5927077531814575,0.32714489102363586,-0.33395957946777344,0.9998338222503662,0.5608376264572144,0.3289873003959656,-0.3259267807006836,0.9996356964111328,0.5537306666374207,0.33000892400741577,-0.32600557804107666,0.9993798732757568,0.5480690598487854,0.3309592604637146,-0.32603371143341064,0.9996294975280762,0.6034999489784241,0.33518391847610474,-0.14335405826568604,0.9997612833976746,0.5436155796051025,0.3390403985977173,-0.10178055614233017,0.999784529209137,0.5862017869949341,0.34912580251693726,-0.30792567133903503,0.9997057318687439,0.561198890209198,0.3524344563484192,-0.296135276556015,0.9994298815727234,0.6594977378845215,0.38945597410202026,-0.15770220756530762,0.9989726543426514,0.5102219581604004,0.3962525725364685,-0.01109920721501112,0.9932504892349243,0.6812199354171753,0.30191949009895325,-0.33693358302116394,0.992229163646698,0.4458923041820526,0.31672072410583496,-0.02153770998120308,0.9706434011459351,0.5719765424728394,0.2534940242767334,-0.35975372791290283,0.9320783019065857,0.5417431592941284,0.25579413771629333,0.029982347041368484,0.7810275554656982,0.5579513907432556,0.2354716658592224,-0.4110172390937805,0.8239753842353821,0.55609130859375,0.23495644330978394,-0.01827744022011757,0.5804138779640198,0.5559054613113403,0.23767025768756866,-0.3902210295200348,0.8013524413108826,0.5561389327049255,0.23832377791404724,0.011034585535526276,0.5368450880050659,0.5586044788360596,0.24520519375801086,-0.35870489478111267,0.7911453247070312,0.5530221462249756,0.24734587967395782,0.03084779903292656,0.5611427426338196,0.6079413294792175,0.5819385051727295,-0.0664781928062439,0.9992788434028625,0.512799859046936,0.5723386406898499,0.06666314601898193,0.9972686767578125,0.6035621166229248,0.7298980951309204,-0.038820814341306686,0.9673182368278503,0.34703177213668823,0.6375728249549866,-0.16595827043056488,0.974614143371582,0.5810590386390686,0.8533154726028442,0.1794416457414627,0.9897156357765198,0.5386345982551575,0.6340254545211792,0.3381985127925873,0.5840592980384827,0.5733523368835449,0.8642122745513916,0.1907576322555542,0.9171585440635681,0.5669529438018799,0.6234866380691528,0.3879740834236145,0.6143923401832581,0.5750032663345337,0.894676685333252,-0.04894019290804863,0.9770991206169128,0.5934557914733887,0.6899231672286987,0.3430682122707367,0.5951659083366394
Tree Pose,0.5173264741897583,0.09557469934225082,-0.19951051473617554,0.9991034865379333,0.5227328538894653,0.07971498370170593,-0.16708055138587952,0.9991466999053955,0.5261944532394409,0.08018305897712708,-0.1670602560043335,0.9985324144363403,0.5302780866622925,0.08067181706428528,-0.16710172593593597,0.9987404942512512,0.5105957984924316,0.07796400785446167,-0.17647750675678253,0.9995649456977844,0.5053187608718872,0.07761141657829285,-0.17652523517608643,0.9993497729301453,0.49998313188552856,0.07753041386604309,-0.17655864357948303,0.9994938373565674,0.534131646156311,0.0902363657951355,-0.003585921134799719,0.9986924529075623,0.4919910728931427,0.0868229866027832,-0.04330954700708389,0.9993994235992432,0.5235187411308289,0.11796095967292786,-0.1397043913602829,0.999664306640625,0.5076461434364319,0.11716458201408386,-0.1511053591966629,0.9998965263366699,0.5654149055480957,0.20451505482196808,0.07177656143903732,0.9965600371360779,0.45614394545555115,0.20823946595191956,-0.023322638124227524,0.9996719360351562,0.6135597229003906,0.3025117814540863,-0.1047905758023262,0.9634749293327332,0.40625324845314026,0.3009558618068695,-0.20885629951953888,0.9901450872421265,0.5322275161743164,0.27494627237319946,-0.39672988653182983,0.8917946219444275,0.5052035450935364,0.275212824344635,-0.40390339493751526,0.9692597985267639,0.522147536277771,0.24685612320899963,-0.45237693190574646,0.7798481583595276,0.5182996988296509,0.2474178522825241,-0.44751647114753723,0.9120362997055054,0.5199006199836731,0.23830118775367737,-0.43178749084472656,0.7553988099098206,0.5170045495033264,0.24207818508148193,-0.42717406153678894,0.8959032297134399,0.5219501256942749,0.24938787519931793,-0.39531269669532776,0.6985446810722351,0.5140764117240906,0.253093421459198,-0.39632338285446167,0.8451657295227051,0.5559852123260498,0.4559107720851898,0.05434819683432579,0.9975365400314331,0.4950418472290039,0.4703352153301239,-0.05444639176130295,0.9989534616470337,0.6710954308509827,0.5033425688743591,-0.19424517452716827,0.97714763879776,0.5108404159545898,0.6690736413002014,-0.1084275022149086,0.968159019947052,0.5370179414749146,0.5689042806625366,0.0958799347281456,0.5718794465065002,0.5372455716133118,0.8779287934303284,0.09146901965141296,0.9271355867385864,0.5115112066268921,0.5511537194252014,0.12531211972236633,0.49373331665992737,0.5455977320671082,0.8980586528778076,0.10498104244470596,0.7771508097648621,0.5022950768470764,0.629166841506958,0.05763769894838333,0.5718668103218079,0.5304264426231384,0.9127358198165894,-0.037660785019397736,0.8596802949905396
Tree Pose,0.5491508841514587,0.23236337304115295,-0.6356065273284912,0.9998728036880493,0.56247478723526,0.21646130084991455,-0.588103175163269,0.9998061060905457,0.571047842502594,0.21656709909439087,-0.5883070230484009,0.9997743964195251,0.5792558789253235,0.21643687784671783,-0.5884567499160767,0.9997962117195129,0.5362291932106018,0.21561196446418762,-0.5867267847061157,0.9997691512107849,0.5275496244430542,0.21538856625556946,-0.5868046879768372,0.9997404217720032,0.518160879611969,0.21538536250591278,-0.5869132280349731,0.9997867941856384,0.5922765731811523,0.22396190464496613,-0.3008064329624176,0.9995781779289246,0.5035519599914551,0.2247810959815979,-0.2937166690826416,0.9998332262039185,0.5627190470695496,0.2538973093032837,-0.5274253487586975,0.9999072551727295,0.5320661664009094,0.2530349791049957,-0.5258508324623108,0.9998654127120972,0.6627309918403625,0.33645471930503845,-0.17289720475673676,0.9993521571159363,0.4227312207221985,0.3328803777694702,-0.1459745317697525,0.9989223480224609,0.6950126886367798,0.458327978849411,-0.5334298610687256,0.9644330739974976,0.39200839400291443,0.4580921232700348,-0.46321919560432434,0.9442329406738281,0.5769158601760864,0.376830518245697,-1.0289922952651978,0.9493873119354248,0.5077263712882996,0.3827570974826813,-0.9715604782104492,0.9298260807991028,0.5670194625854492,0.345339834690094,-1.1138856410980225,0.8778315782546997,0.5247827768325806,0.3499748706817627,-1.0781644582748413,0.8549935817718506,0.5670517683029175,0.33660054206848145,-1.058998703956604,0.8619728088378906,0.5174546241760254,0.34032395482063293,-1.0289843082427979,0.8241997957229614,0.567232608795166,0.3452969789505005,-1.0150024890899658,0.8035827279090881,0.517106831073761,0.34959015250205994,-0.962028443813324,0.750350296497345,0.5619953274726868,0.5701338052749634,-0.044623780995607376,0.9995375871658325,0.43403029441833496,0.5511692762374878,0.04484771564602852,0.9995050430297852,0.5377343893051147,0.7614015340805054,-0.03405645117163658,0.9696574211120605,0.20892243087291718,0.6138424277305603,-0.5120314359664917,0.9950647950172424,0.4907989501953125,0.907759428024292,0.4275086522102356,0.9827186465263367,0.4488327205181122,0.6783709526062012,0.16677923500537872,0.8439731597900391,0.47181159257888794,0.9285394549369812,0.46237507462501526,0.8773878812789917,0.48450416326522827,0.6705511212348938,0.23374386131763458,0.7127794623374939,0.5123085379600525,0.9528816938400269,0.15459810197353363,0.9737688899040222,0.5045008659362793,0.759110689163208,0.07337949424982071,0.830126941204071
Tree Pose,0.5303983092308044,0.279721736907959,-0.2397027462720871,0.9996640682220459,0.5472021102905273,0.2610252797603607,-0.20984281599521637,0.9994046688079834,0.5569533705711365,0.25999346375465393,-0.20971767604351044,0.9995649456977844,0.565304160118103,0.25905996561050415,-0.2098097950220108,0.999459445476532,0.5188355445861816,0.26361650228500366,-0.1965375542640686,0.999333918094635,0.5100940465927124,0.26409199833869934,-0.19654634594917297,0.9994974136352539,0.5018435120582581,0.26439225673675537,-0.19676542282104492,0.999553382396698,0.5852997303009033,0.26475653052330017,-0.03142712265253067,0.9988088607788086,0.49616649746894836,0.27047544717788696,0.029084045439958572,0.9995949864387512,0.5546497702598572,0.2951934337615967,-0.1702604591846466,0.9992247819900513,0.5169289708137512,0.2970445454120636,-0.15346504747867584,0.9988176226615906,0.676351010799408,0.358308881521225,-0.0064742290414869785,0.9990741014480591,0.43686726689338684,0.3643505871295929,0.13494762778282166,0.99812251329422,0.7184681296348572,0.46378928422927856,-0.24630200862884521,0.9819725155830383,0.38472920656204224,0.4650603234767914,-0.11359997093677521,0.974823534488678,0.5740506052970886,0.3983260989189148,-0.4252455532550812,0.9429497122764587,0.503642737865448,0.398936927318573,-0.420009970664978,0.9300370812416077,0.5590507388114929,0.3682846128940582,-0.4418747127056122,0.8820258975028992,0.5336750745773315,0.371733158826828,-0.48712894320487976,0.8642036318778992,0.5563631653785706,0.3615563213825226,-0.39051786065101624,0.8671265244483948,0.5321497321128845,0.36505985260009766,-0.40741798281669617,0.8404428362846375,0.5569479465484619,0.3715684711933136,-0.4009818136692047,0.8523226976394653,0.525009036064148,0.3736003041267395,-0.3965108096599579,0.806419849395752,0.6046043634414673,0.5726409554481506,-0.10077875107526779,0.9981990456581116,0.48011624813079834,0.5606665015220642,0.10070636123418808,0.9928624033927917,0.5595781803131104,0.7584474086761475,-0.17216461896896362,0.9689920544624329,0.2518838942050934,0.6583952903747559,-0.20786504447460175,0.9728797674179077,0.5386857390403748,0.9097219705581665,0.11073749512434006,0.9612603783607483,0.5040114521980286,0.6659151315689087,0.30230993032455444,0.7241400480270386,0.5319889783859253,0.9255084991455078,0.131580650806427,0.7583548426628113,0.532524824142456,0.6505699753761292,0.3615356981754303,0.7104861736297607,0.5273898839950562,0.9698678255081177,-0.0681845173239708,0.9066981673240662,0.5605013370513916,0.7460050582885742,0.3580659031867981,0.6150069832801819
Warrior Pose,0.48071831464767456,0.22128406167030334,-0.2800785303115845,0.9998962879180908,0.4896198511123657,0.2042366862297058,-0.2756059467792511,0.999403715133667,0.4932709336280823,0.20383158326148987,-0.27560222148895264,0.9993793964385986,0.49708041548728943,0.20349910855293274,-0.27561861276626587,0.9992590546607971,0.48362353444099426,0.20457583665847778,-0.2512875199317932,0.9995654225349426,0.4829615354537964,0.2043248862028122,-0.2513568103313446,0.9994850158691406,0.4824162721633911,0.20401963591575623,-0.25133854150772095,0.9994325041770935,0.5157318711280823,0.21007855236530304,-0.21116706728935242,0.9992519021034241,0.4956825077533722,0.2092858850955963,-0.0940321609377861,0.9991083741188049,0.49105310440063477,0.2392669916152954,-0.25577786564826965,0.9992179870605469,0.48167482018470764,0.2406282275915146,-0.22175779938697815,0.9990683197975159,0.5735830068588257,0.3181050717830658,-0.164367213845253,0.9992222785949707,0.4590144157409668,0.2962019741535187,-0.008796065114438534,0.9998806715011597,0.6722508668899536,0.3046242594718933,-0.2213173359632492,0.9969534873962402,0.3665517270565033,0.2870217561721802,0.021250426769256592,0.9896154403686523,0.7506213784217834,0.30445656180381775,-0.3296175003051758,0.9851829409599304,0.2863881587982178,0.27291786670684814,-0.1379714161157608,0.9898120760917664,0.7773419618606567,0.3044097423553467,-0.3611506223678589,0.9498758316040039,0.2554309368133545,0.26943638920783997,-0.16521330177783966,0.9655389189720154,0.7795534729957581,0.29848358035087585,-0.3972034454345703,0.9569082856178284,0.25419479608535767,0.26599743962287903,-0.20904727280139923,0.9707214832305908,0.7685338854789734,0.2999895215034485,-0.35172325372695923,0.9617306590080261,0.2620604634284973,0.2687128782272339,-0.1654895693063736,0.9761280417442322,0.5420697927474976,0.5860952138900757,-0.06091509759426117,0.9940594434738159,0.47360119223594666,0.5798582434654236,0.06094826012849808,0.9993360638618469,0.6457942128181458,0.7009401321411133,-0.113950714468956,0.9946371912956238,0.3506418466567993,0.6029301285743713,-0.1365484893321991,0.9983239769935608,0.7506766319274902,0.8081261515617371,0.07816917449235916,0.9918500185012817,0.3248348832130432,0.8057892918586731,-0.009326218627393246,0.9954255223274231,0.7569146156311035,0.819091796875,0.08979270607233047,0.9388412833213806,0.3362991511821747,0.835480809211731,-0.0036223973147571087,0.9895338416099548,0.7877259254455566,0.843257486820221,-0.05159188434481621,0.9716132879257202,0.2593536972999573,0.8450241088867188,-0.11121656000614166,0.9851564168930054
Warrior Pose,0.47698718309402466,0.19758367538452148,-0.3251638114452362,0.999445378780365,0.49105170369148254,0.18041223287582397,-0.3144044876098633,0.9981094598770142,0.49553626775741577,0.18056267499923706,-0.3144809603691101,0.9982481002807617,0.5003284811973572,0.18089008331298828,-0.31467294692993164,0.9982871413230896,0.4847743511199951,0.18068641424179077,-0.2902425527572632,0.9982013702392578,0.48456084728240967,0.18097549676895142,-0.29032212495803833,0.9977272152900696,0.48420098423957825,0.18139341473579407,-0.2903275191783905,0.9975695013999939,0.5239511132240295,0.19330063462257385,-0.22190548479557037,0.9981503486633301,0.49990856647491455,0.19348552823066711,-0.10963595658540726,0.9964309930801392,0.487096905708313,0.2183980643749237,-0.290578693151474,0.9967402815818787,0.47896477580070496,0.21822339296340942,-0.2581562101840973,0.9944471120834351,0.6027572154998779,0.27924060821533203,-0.1798754632472992,0.9985947012901306,0.46441125869750977,0.28381064534187317,-0.03169305995106697,0.9966983199119568,0.7159448862075806,0.2836098372936249,-0.2844623625278473,0.9942834973335266,0.38619834184646606,0.2714957594871521,-0.027605831623077393,0.7056204676628113,0.8164106607437134,0.2931784987449646,-0.4350856840610504,0.9730443954467773,0.386409729719162,0.25377222895622253,-0.1021144911646843,0.41843467950820923,0.8481026887893677,0.3004765212535858,-0.46963080763816833,0.920701801776886,0.38247159123420715,0.25754404067993164,-0.13176162540912628,0.24454912543296814,0.8507407307624817,0.3004828989505768,-0.5077255368232727,0.9320475459098816,0.39351505041122437,0.2522170841693878,-0.13885433971881866,0.2611158788204193,0.8389115929603577,0.3000074028968811,-0.458180695772171,0.9306321144104004,0.3921961784362793,0.25279560685157776,-0.11495182663202286,0.3120303153991699,0.5994415283203125,0.5358253717422485,-0.046814218163490295,0.9975422620773315,0.49956732988357544,0.5412748456001282,0.047003500163555145,0.9996954202651978,0.6944767236709595,0.6440842151641846,-0.03725418448448181,0.9909195899963379,0.36494919657707214,0.6504077911376953,-0.21877790987491608,0.9981435537338257,0.7867684364318848,0.7529234886169434,0.34844937920570374,0.9838496446609497,0.4046975374221802,0.8222399950027466,0.037217170000076294,0.9963679313659668,0.7897037267684937,0.7699346542358398,0.37864822149276733,0.861707329750061,0.4261072874069214,0.845874547958374,0.05169922485947609,0.9676870107650757,0.8363498449325562,0.7923311591148376,0.2067604511976242,0.9560823440551758,0.34011465311050415,0.8746684193611145,-0.12147651612758636,0.9850825071334839
Warrior Pose,0.5629434585571289,0.1569880247116089,-0.1927119791507721,0.9999759197235107,0.5556034445762634,0.13383427262306213,-0.1624765843153,0.9999434947967529,0.5545473694801331,0.13298878073692322,-0.16252946853637695,0.9999450445175171,0.5532954931259155,0.1322028636932373,-0.162608802318573,0.9999319314956665,0.5524230003356934,0.13445499539375305,-0.20371858775615692,0.9999568462371826,0.5496318936347961,0.13418352603912354,-0.2037990242242813,0.9999550580978394,0.546401858329773,0.13408315181732178,-0.2037697583436966,0.9999313354492188,0.5341604351997375,0.1399126946926117,-0.026591932401061058,0.9999152421951294,0.5244448781013489,0.14215806126594543,-0.21953822672367096,0.9999520778656006,0.5581956505775452,0.17909157276153564,-0.1437843292951584,0.9997677206993103,0.5538291931152344,0.1811029613018036,-0.19954298436641693,0.9998621940612793,0.5677217245101929,0.2611573338508606,0.02980927750468254,0.999863862991333,0.44807466864585876,0.25660502910614014,-0.23696275055408478,0.9998437166213989,0.680961549282074,0.23732158541679382,0.03005126491189003,0.9942511320114136,0.336073100566864,0.24383756518363953,-0.31694841384887695,0.9969598054885864,0.7756630182266235,0.23202502727508545,-0.10288407653570175,0.9964576363563538,0.23689004778862,0.23992449045181274,-0.3939853608608246,0.992569625377655,0.8034982085227966,0.2204558253288269,-0.13011839985847473,0.9856040477752686,0.20727166533470154,0.234431654214859,-0.4246627688407898,0.9772800207138062,0.8062208294868469,0.21677972376346588,-0.17594970762729645,0.9884456396102905,0.203535258769989,0.2326531708240509,-0.4605640470981598,0.979923665523529,0.7985700368881226,0.22328563034534454,-0.13400283455848694,0.9904670119285583,0.2143886685371399,0.23789723217487335,-0.41550761461257935,0.9765064120292664,0.5346964001655579,0.5977761745452881,0.0880831703543663,0.9988429546356201,0.4670812785625458,0.6016688942909241,-0.0879211500287056,0.9987255930900574,0.6888056993484497,0.6365642547607422,-0.01718854531645775,0.9968100190162659,0.35160985589027405,0.7570669651031494,-0.15793052315711975,0.9994865655899048,0.6853523850440979,0.900421142578125,0.07765891402959824,0.9956929087638855,0.2253703474998474,0.900458812713623,-0.1030009463429451,0.9994732737541199,0.669941782951355,0.9295675754547119,0.07878806442022324,0.9893564581871033,0.20879629254341125,0.923970103263855,-0.10666389763355255,0.9813392758369446,0.7451280355453491,0.9472683072090149,-0.019587211310863495,0.9926504492759705,0.21774153411388397,0.9621752500534058,-0.26329874992370605,0.9970603585243225
Warrior Pose,0.46433383226394653,0.11825323104858398,-0.24361209571361542,0.9999468326568604,0.477205365896225,0.0955938771367073,-0.23582755029201508,0.99970942735672,0.48289334774017334,0.0955374538898468,-0.23580855131149292,0.9997112154960632,0.48911798000335693,0.09548604488372803,-0.2358464151620865,0.9996441602706909,0.46640756726264954,0.09575167298316956,-0.21359430253505707,0.9997990727424622,0.46428221464157104,0.09563934803009033,-0.21368461847305298,0.9998146891593933,0.4621834456920624,0.09556752443313599,-0.21367323398590088,0.9997751116752625,0.5107688307762146,0.10817360877990723,-0.17430469393730164,0.999624490737915,0.4773690402507782,0.106907419860363,-0.06659010797739029,0.9997177720069885,0.47505369782447815,0.1405797004699707,-0.2217053920030594,0.9995633959770203,0.461940199136734,0.14033809304237366,-0.1904391199350357,0.9994165897369385,0.5867981314659119,0.24392443895339966,-0.13930076360702515,0.9989616870880127,0.4294464588165283,0.22563274204730988,-0.02558886632323265,0.9996707439422607,0.703827440738678,0.2287610024213791,-0.18726101517677307,0.997455894947052,0.3125513195991516,0.2220362424850464,-0.031180694699287415,0.9910276532173157,0.8095031380653381,0.21363089978694916,-0.30409157276153564,0.984458327293396,0.20639964938163757,0.20042605698108673,-0.18992355465888977,0.9874244332313538,0.8420999050140381,0.21760497987270355,-0.3298463523387909,0.95388263463974,0.170567125082016,0.20208856463432312,-0.22427187860012054,0.9619013667106628,0.8443137407302856,0.21482965350151062,-0.3767806887626648,0.9599027037620544,0.1672314703464508,0.1987975537776947,-0.26959821581840515,0.9677276611328125,0.8338165283203125,0.2156679928302765,-0.33177414536476135,0.9659394025802612,0.18143662810325623,0.20011688768863678,-0.22021915018558502,0.9752939939498901,0.5751441121101379,0.5610547661781311,-0.05387066304683685,0.9915164709091187,0.4791658818721771,0.5669528841972351,0.053710535168647766,0.9976404905319214,0.7022797465324402,0.7178896069526672,-0.20340782403945923,0.9945762157440186,0.3293786644935608,0.6483084559440613,-0.15095126628875732,0.9967612624168396,0.8126928806304932,0.8914070129394531,-0.03993828594684601,0.9927834272384644,0.33812928199768066,0.9046505689620972,0.02352580800652504,0.9939287900924683,0.8159632086753845,0.9196022152900696,-0.031721483916044235,0.936981201171875,0.3562268614768982,0.9396048784255981,0.03298681601881981,0.9887237548828125,0.8369888067245483,0.9520165920257568,-0.19776852428913116,0.9781915545463562,0.2558209300041199,0.9438304901123047,-0.0765383169054985,0.9798411130905151
Warrior Pose,0.40811610221862793,0.15575897693634033,-0.18794028460979462,0.9999632835388184,0.4208548963069916,0.13859528303146362,-0.1910119652748108,0.999825656414032,0.42434161901474,0.13945147395133972,-0.190961092710495,0.999873161315918,0.4284232556819916,0.14020204544067383,-0.1909475028514862,0.9998134970664978,0.41686326265335083,0.136109858751297,-0.1576683670282364,0.9998455047607422,0.4171311855316162,0.13525617122650146,-0.157740980386734,0.9998946189880371,0.4175835847854614,0.13438326120376587,-0.1577247530221939,0.9998400211334229,0.44994214177131653,0.15471294522285461,-0.1855931282043457,0.999817430973053,0.4348031282424927,0.1484832465648651,-0.02737879939377308,0.9997511506080627,0.4146450459957123,0.17609241604804993,-0.18789786100387573,0.9996927976608276,0.40887486934661865,0.17416897416114807,-0.1421067863702774,0.9994264841079712,0.5173027515411377,0.27448511123657227,-0.18038128316402435,0.9994794726371765,0.3812994956970215,0.2633536756038666,0.011338191106915474,0.9996187686920166,0.6336930990219116,0.27803170680999756,-0.2405209094285965,0.9986841082572937,0.279580295085907,0.25294655561447144,0.04090253636240959,0.9799255728721619,0.7346088290214539,0.2799004912376404,-0.34246018528938293,0.9922775030136108,0.1778768002986908,0.23603835701942444,-0.12068212032318115,0.9820927381515503,0.7637777924537659,0.284379780292511,-0.3758699297904968,0.9779372811317444,0.1457524597644806,0.23598212003707886,-0.15176917612552643,0.963175356388092,0.7647517323493958,0.2817697525024414,-0.4194185137748718,0.979520320892334,0.14275819063186646,0.23174473643302917,-0.20218440890312195,0.969683825969696,0.753697395324707,0.28270959854125977,-0.3682895004749298,0.9797658324241638,0.1542946994304657,0.23369809985160828,-0.15220102667808533,0.9772304892539978,0.4948730170726776,0.5606792569160461,-0.08471401035785675,0.9875938296318054,0.40878230333328247,0.554904043674469,0.08446767181158066,0.997103750705719,0.6228664517402649,0.6756682395935059,-0.20048707723617554,0.997736930847168,0.2591560482978821,0.554417073726654,-0.11217955499887466,0.9959184527397156,0.7437049150466919,0.797730565071106,-0.09114778786897659,0.9978058934211731,0.26282721757888794,0.788848340511322,0.021523868665099144,0.9938256740570068,0.7569251656532288,0.8109817504882812,-0.08562726527452469,0.9812860488891602,0.2836405038833618,0.8313106298446655,0.029277196153998375,0.9937340617179871,0.7705735564231873,0.8649758100509644,-0.24344079196453094,0.9938126802444458,0.19267478585243225,0.8333766460418701,-0.06104046478867531,0.9856815338134766
Warrior Pose,0.5617316961288452,0.3283129930496216,-0.13248597085475922,0.9999955892562866,0.5573952794075012,0.31381675601005554,-0.105913445353508,0.9999918937683105,0.5570947527885437,0.31404128670692444,-0.10597021877765656,0.9999910593032837,0.5565788745880127,0.31400519609451294,-0.10601373761892319,0.9999908208847046,0.5532478094100952,0.31431296467781067,-0.13776275515556335,0.9999939203262329,0.5502903461456299,0.3152189552783966,-0.13782578706741333,0.9999943971633911,0.5471709370613098,0.31588950753211975,-0.13777686655521393,0.999992847442627,0.5439288020133972,0.3204319477081299,0.012332908809185028,0.9999866485595703,0.5322589874267578,0.3241424858570099,-0.13498829305171967,0.999995231628418,0.5593120455741882,0.3439875841140747,-0.09003186970949173,0.9999719858169556,0.5537902116775513,0.3440742790699005,-0.13259457051753998,0.9999854564666748,0.5633623003959656,0.404230535030365,0.08198937028646469,0.9999463558197021,0.4867892861366272,0.40645140409469604,-0.15925651788711548,0.9999209642410278,0.6430754661560059,0.3935672640800476,0.1121566891670227,0.9859318733215332,0.40954145789146423,0.43651798367500305,-0.2117386907339096,0.9986611604690552,0.7115424871444702,0.376180499792099,0.027299506589770317,0.9918647408485413,0.3254764676094055,0.4585455358028412,-0.2683022916316986,0.9950007796287537,0.7280212640762329,0.36545637249946594,0.011475417762994766,0.9727271199226379,0.30285128951072693,0.46228066086769104,-0.29022371768951416,0.9847497940063477,0.7302055358886719,0.3624739646911621,-0.02444123849272728,0.9773916006088257,0.30168819427490234,0.46083366870880127,-0.318540096282959,0.986403226852417,0.7249884605407715,0.3671603500843048,0.0045085931196808815,0.9808799624443054,0.3097590208053589,0.46187925338745117,-0.28328046202659607,0.9819406270980835,0.5357857942581177,0.64582759141922,0.08520246297121048,0.9997205138206482,0.4894750118255615,0.643684983253479,-0.0851970762014389,0.9990965127944946,0.6330994963645935,0.732751190662384,-0.06017443537712097,0.9944843649864197,0.4108259379863739,0.7693036198616028,-0.13905330002307892,0.9994383454322815,0.6161154508590698,0.8924914598464966,0.013638288713991642,0.9950337409973145,0.3108776807785034,0.8643341064453125,-0.10276103019714355,0.9990226030349731,0.6030373573303223,0.9214253425598145,0.015384139493107796,0.9884491562843323,0.2956080436706543,0.8711896538734436,-0.10405827313661575,0.9640810489654541,0.6681888103485107,0.9351422786712646,-0.05820741131901741,0.993198573589325,0.32941755652427673,0.9342643022537231,-0.2068341225385666,0.9959205389022827
Warrior Pose,0.46272239089012146,0.43380194902420044,-0.21966852247714996,0.9999912977218628,0.46813422441482544,0.41874784231185913,-0.22247964143753052,0.9999502897262573,0.47111400961875916,0.41779378056526184,-0.22247102856636047,0.9999427795410156,0.4745166301727295,0.41680872440338135,-0.22252535820007324,0.9999347925186157,0.4640348553657532,0.4191426932811737,-0.20325209200382233,0.9999556541442871,0.463421106338501,0.4186931550502777,-0.2033139318227768,0.9999439716339111,0.4627092182636261,0.41821911931037903,-0.20326738059520721,0.9999380111694336,0.49219322204589844,0.41779106855392456,-0.18302322924137115,0.9999396800994873,0.47286516427993774,0.4190357029438019,-0.08962041884660721,0.9999369382858276,0.4702513813972473,0.44492343068122864,-0.20167168974876404,0.9999251365661621,0.46391505002975464,0.4451214373111725,-0.17472900450229645,0.9998791217803955,0.5458210110664368,0.4810219705104828,-0.12616421282291412,0.9999229907989502,0.44925543665885925,0.4855691194534302,-0.03360530734062195,0.9999480247497559,0.6253058314323425,0.48275527358055115,-0.16833743453025818,0.9993533492088318,0.37265610694885254,0.4727412164211273,-0.02837749943137169,0.9972953200340271,0.6979583501815796,0.4718608558177948,-0.24622675776481628,0.9970788955688477,0.3002626299858093,0.4607919752597809,-0.13546845316886902,0.9959186911582947,0.719840407371521,0.47016873955726624,-0.2672717869281769,0.988878071308136,0.2786807417869568,0.45958274602890015,-0.15557032823562622,0.9845095276832581,0.7211474776268005,0.46655184030532837,-0.2975832223892212,0.99069744348526,0.27701881527900696,0.4567299783229828,-0.19180533289909363,0.9869077205657959,0.7118345499038696,0.4682082533836365,-0.26342201232910156,0.9907726049423218,0.2846676707267761,0.45876961946487427,-0.15665946900844574,0.9893884062767029,0.5222623944282532,0.7071410417556763,-0.046636901795864105,0.9969425797462463,0.464464396238327,0.6979160904884338,0.046525295823812485,0.9990930557250977,0.6124712228775024,0.824728786945343,-0.12553510069847107,0.992651641368866,0.35644710063934326,0.7372933030128479,-0.08109264820814133,0.9933650493621826,0.6987587213516235,0.9225540161132812,-0.05544782802462578,0.9934311509132385,0.3508053421974182,0.9129838943481445,0.006547082681208849,0.9875470995903015,0.7074531316757202,0.9383411407470703,-0.05216521769762039,0.9625230431556702,0.36286401748657227,0.9445518255233765,0.012130826711654663,0.9793630838394165,0.7294842004776001,0.9499806761741638,-0.15396787226200104,0.9775468111038208,0.3045727014541626,0.9491211771965027,-0.0569966621696949,0.957683265209198
Warrior Pose,0.4911203682422638,0.12768810987472534,-0.25219008326530457,0.9999911785125732,0.5014370679855347,0.10735282301902771,-0.2421405166387558,0.9999408721923828,0.5060456395149231,0.10723152756690979,-0.24210935831069946,0.999943733215332,0.5104959607124329,0.10727816820144653,-0.24211804568767548,0.9999353885650635,0.49373725056648254,0.10692599415779114,-0.22162793576717377,0.9999481439590454,0.49212387204170227,0.10676196217536926,-0.22167307138442993,0.9999392032623291,0.4905424118041992,0.10650824755430222,-0.22161461412906647,0.9999338388442993,0.5263313055038452,0.11850321292877197,-0.1634373515844345,0.9999475479125977,0.500950038433075,0.11543437093496323,-0.06251370161771774,0.9999109506607056,0.4996356666088104,0.14886751770973206,-0.22302526235580444,0.9999377727508545,0.48859813809394836,0.1498529314994812,-0.19387497007846832,0.9999017715454102,0.5815357565879822,0.2317478060722351,-0.12621691823005676,0.9998643398284912,0.4633394777774811,0.21717368066310883,0.024373585358262062,0.9998559951782227,0.6793434023857117,0.20862562954425812,-0.18208599090576172,0.9992915391921997,0.3766363561153412,0.20633572340011597,0.05183565616607666,0.9957032799720764,0.7532507181167603,0.18271157145500183,-0.309354305267334,0.9956924319267273,0.3002908229827881,0.17515304684638977,-0.09120319038629532,0.9954330921173096,0.77727210521698,0.1775915026664734,-0.34079694747924805,0.9826095104217529,0.2748240828514099,0.1718119978904724,-0.1204221099615097,0.9802612066268921,0.778285801410675,0.17237167060375214,-0.3778676390647888,0.9855157732963562,0.2754770517349243,0.16540038585662842,-0.15802733600139618,0.9831973314285278,0.769749641418457,0.1760510504245758,-0.3315891623497009,0.9867925643920898,0.28353291749954224,0.16854599118232727,-0.11633822321891785,0.9860877394676208,0.5612239241600037,0.5467736721038818,-0.06424205005168915,0.999272882938385,0.4891928434371948,0.5448353290557861,0.06418335437774658,0.9997915625572205,0.6457686424255371,0.7132894992828369,-0.1845068782567978,0.9983571171760559,0.3804267942905426,0.649936854839325,-0.12465185672044754,0.9992104768753052,0.723595380783081,0.8679181933403015,0.031915899366140366,0.9970986843109131,0.38407716155052185,0.8732995986938477,0.06905652582645416,0.9976517558097839,0.7288259267807007,0.8844499588012695,0.04554712027311325,0.9264097809791565,0.39858928322792053,0.9157092571258545,0.08108547329902649,0.9888253808021545,0.7325336933135986,0.9338973164558411,-0.11577383428812027,0.989521861076355,0.3297569155693054,0.9287757277488708,-0.03229524567723274,0.9920554757118225
Warrior Pose,0.5511502623558044,0.22793206572532654,-0.2516281008720398,0.9999970197677612,0.5450975298881531,0.20914608240127563,-0.2260250449180603,0.9999914169311523,0.544393002986908,0.20845377445220947,-0.22606326639652252,0.9999920129776001,0.5436135530471802,0.2076607048511505,-0.2261284589767456,0.9999878406524658,0.5419347286224365,0.2099030315876007,-0.2631915211677551,0.999992847442627,0.5390750765800476,0.21007636189460754,-0.2632690668106079,0.9999927282333374,0.5358749628067017,0.21044248342514038,-0.26314976811408997,0.9999861717224121,0.5300469398498535,0.21399450302124023,-0.10570181161165237,0.9999892711639404,0.5169386267662048,0.21850189566612244,-0.2799689471721649,0.9999924898147583,0.548762857913971,0.2444588989019394,-0.20873333513736725,0.9999754428863525,0.5438562035560608,0.24665865302085876,-0.25899064540863037,0.9999829530715942,0.5667997002601624,0.3192334771156311,-0.056507840752601624,0.9999816417694092,0.4483977258205414,0.3152036964893341,-0.28055262565612793,0.9999616146087646,0.6709858179092407,0.3261624574661255,-0.05851080268621445,0.9988659620285034,0.3426002264022827,0.32282406091690063,-0.34313055872917175,0.9985176920890808,0.759671688079834,0.33299991488456726,-0.17274266481399536,0.9988693594932556,0.25075751543045044,0.34497562050819397,-0.4075905978679657,0.9953617453575134,0.787539541721344,0.3363649845123291,-0.19231489300727844,0.994604766368866,0.22413665056228638,0.3485850691795349,-0.4316914677619934,0.9859996438026428,0.7891918420791626,0.33366158604621887,-0.23886875808238983,0.9957204461097717,0.22383001446723938,0.3482391834259033,-0.4690663814544678,0.988244891166687,0.7784886360168457,0.3362845480442047,-0.20158623158931732,0.9965553283691406,0.2328478991985321,0.3492116928100586,-0.42863041162490845,0.9871187210083008,0.5386157035827637,0.5794695615768433,0.06714005023241043,0.9994865655899048,0.46965548396110535,0.5860819816589355,-0.0671880915760994,0.9994194507598877,0.6553410887718201,0.5940268635749817,-0.04871569573879242,0.9983710646629333,0.3651215434074402,0.6971275210380554,-0.13940124213695526,0.9997536540031433,0.6754159331321716,0.7962647676467896,0.02038048580288887,0.9981374740600586,0.24743112921714783,0.790977418422699,-0.10036759078502655,0.9997257590293884,0.6623114943504333,0.8257049918174744,0.02050013281404972,0.9954564571380615,0.22222688794136047,0.8029515743255615,-0.103935606777668,0.9913653135299683,0.7319585680961609,0.8264543414115906,-0.06918547302484512,0.9971874356269836,0.24021200835704803,0.8475004434585571,-0.23466326296329498,0.9983799457550049
